23	1
/data/text_recognition/samples/9999/9999026_]kinkiness_-5_DonegalOne-Regular.jpeg	]kinkiness
/data/text_recognition/samples/9999/9999153_BRYON_2_HindMadurai-Regular.jpeg	bryon
/data/text_recognition/samples/9999/9999854_fulcrums_4_Poly-Italic.jpeg	fulcrums
/data/text_recognition/samples/9999/9999318_punished_-4_Arimo-Bold.jpeg	punished
/data/text_recognition/samples/9999/9999778_REFINISHED,_4_Sarabun-Bold.jpeg	refinished,
/data/text_recognition/samples/9999/9999616_TELNET_1_Catamaran-SemiBold.jpeg	telnet
/data/text_recognition/samples/9999/9999887_DEAFENING_3_EricaOne-Regular.jpeg	deafening
/data/text_recognition/samples/9999/9999017_BAGGED-_3_DellaRespira-Regular.jpeg	bagged-
/data/text_recognition/samples/9999/9999073_ACHIEST_4_Raleway-ExtraLight.jpeg	achiest
/data/text_recognition/samples/9999/9999798_20P_-5_Coda-Heavy.jpeg	20p
/data/text_recognition/samples/9999/9999177_clapboarded&_1_Magra-Regular.jpeg	clapboarded&
/data/text_recognition/samples/9999/9999411_@sociable_3_PetitFormalScript-Regular.jpeg	@sociable
/data/text_recognition/samples/9999/9999228_VAST_-2_Cabin-Bold.jpeg	vast
/data/text_recognition/samples/9999/9999761_:DISSATISFIES_3_Alegreya-BoldItalic.jpeg	:dissatisfies
/data/text_recognition/samples/9999/9999075_hob_-5_Arvo-BoldItalic.jpeg	hob
/data/text_recognition/samples/9999/9999065_happen_-2_NanumGothic-Regular.jpeg	happen
/data/text_recognition/samples/9999/9999312_parapsychology_-5_AlegreyaSans-ExtraBold.jpeg	parapsychology
/data/text_recognition/samples/9999/9999448_rena_-4_Skranji-Regular.jpeg	rena
/data/text_recognition/samples/9999/9999641_BRIEF_5_NanumMyeongjo-Regular.jpeg	brief
/data/text_recognition/samples/9999/9999096_reinterpret_2_Andada-Bold.jpeg	reinterpret
/data/text_recognition/samples/9999/9999584_SUBTRACT_-5_Aladin-Regular.jpeg	subtract
/data/text_recognition/samples/9999/9999014_overspreads_-2_SupermercadoOne-Regular.jpeg	overspreads
/data/text_recognition/samples/9999/9999388_KABUL-_2_Skranji-Bold.jpeg	kabul-
/data/text_recognition/samples/9999/9999049_slammers_0_Quicksand-LightItalic.jpeg	slammers
/data/text_recognition/samples/9999/9999098_ruled_0_Comfortaa-Light.jpeg	ruled
/data/text_recognition/samples/9999/9999095_teahouse._-4_Cardo-Regular.jpeg	teahouse.
/data/text_recognition/samples/9999/9999417_INDETERMINABLY_-1_Englebert-Regular.jpeg	indeterminably
/data/text_recognition/samples/9999/9999663_massa_3_Signika-Semibold.jpeg	massa
/data/text_recognition/samples/9999/9999954_HARMFULNESS_-4_Geo-Regular.jpeg	harmfulness
/data/text_recognition/samples/9999/9999536_heathen_2_Ruthie-Regular.jpeg	heathen
/data/text_recognition/samples/9999/9999658_WORKINGMEN_5_Snippet.jpeg	workingmen
/data/text_recognition/samples/9999/9999792_!]potshots_-4_JustMeAgainDownHere.jpeg	!]potshots
/data/text_recognition/samples/9999/9999829_SEWAGE_-5_MaidenOrange.jpeg	sewage
/data/text_recognition/samples/9999/9999525_nonliterary_4_MrDafoe-Regular.jpeg	nonliterary
/data/text_recognition/samples/9999/9999631_lucifer-_2_JosefinSansStd-Light.jpeg	lucifer-
/data/text_recognition/samples/9999/9999879_isabel_-3_Hanuman-Bold.jpeg	isabel
/data/text_recognition/samples/9999/9999952_APHASIA_1_Teko-SemiBold.jpeg	aphasia
/data/text_recognition/samples/9999/9999817_prospected_-1_LilyScriptOne-Regular.jpeg	prospected
/data/text_recognition/samples/9999/9999040_RAYBAN_-1_Biryani-Regular.jpeg	rayban
/data/text_recognition/samples/9999/9999769_reforging_0_Lato-LightItalic.jpeg	reforging
/data/text_recognition/samples/9999/9999696_-micro_3_MavenPro-Bold.jpeg	-micro
/data/text_recognition/samples/9999/9999824_SELFLESS_-3_Signika-Light.jpeg	selfless
/data/text_recognition/samples/9999/9999416_SERRIED_-4_EncodeSansCondensed-ExtraBold.jpeg	serried
/data/text_recognition/samples/9999/9999913_INDISSOLUBLE_-2_Khula-Regular.jpeg	indissoluble
/data/text_recognition/samples/9999/9999757_NASALITY_-1_JosefinSans-LightItalic.jpeg	nasality
/data/text_recognition/samples/9999/9999143_BACKSTOP_1_VesperLibre-Bold.jpeg	backstop
/data/text_recognition/samples/9999/9999550_tutorship_2_Amiri-Slanted.jpeg	tutorship
/data/text_recognition/samples/9999/9999650_SIKKIMESE._1_SpecialElite.jpeg	sikkimese.
/data/text_recognition/samples/9999/9999165_BEDSITTERS_4_ArchivoBlack-Regular.jpeg	bedsitters
/data/text_recognition/samples/9999/9999258_allying_-3_HindJalandhar-Light.jpeg	allying
/data/text_recognition/samples/9999/9999853_IMPUDENTLY_1_TerminalDosis-ExtraBold.jpeg	impudently
/data/text_recognition/samples/9999/9999276_SEEKING_4_HindKochi-SemiBold.jpeg	seeking
/data/text_recognition/samples/9999/9999562_CHANSON_1_SourceSansPro-SemiboldItalic.jpeg	chanson
/data/text_recognition/samples/9999/9999266_.BUS_-3_FasterOne-Regular.jpeg	.bus
/data/text_recognition/samples/9999/9999574_SHOWN_-2_AlmendraSC-Bold.jpeg	shown
/data/text_recognition/samples/9999/9999028_HUMPHING_3_DawningofaNewDay.jpeg	humphing
/data/text_recognition/samples/9999/9999849_TRUTHFUL@_3_Dosis-ExtraBold.jpeg	truthful@
/data/text_recognition/samples/9999/9999785_-psyche._3_Tangerine_Regular.jpeg	-psyche.
/data/text_recognition/samples/9999/9999175_plasma_0_Julee-Regular.jpeg	plasma
/data/text_recognition/samples/9999/9999238_@edelweiss_4_Cantarell-Bold.jpeg	@edelweiss
/data/text_recognition/samples/9999/9999699_CAREENING_1_Montserrat-Black.jpeg	careening
/data/text_recognition/samples/9999/9999590_ballsiest_-2_EncodeSansCompressed-SemiBold.jpeg	ballsiest
/data/text_recognition/samples/9999/9999419_IRREVERSIBLE_5_Sarabun-Bold.jpeg	irreversible
/data/text_recognition/samples/9999/9999804_titan?_-2_Trochut-Bold.jpeg	titan?
/data/text_recognition/samples/9999/9999005_discernibly?_1_Rambla-Italic.jpeg	discernibly?
/data/text_recognition/samples/9999/9999586_ATHABASKANS_-1_Quicksand-Light.jpeg	athabaskans
/data/text_recognition/samples/9999/9999487_disillusionment_-3_LondrinaSolid-Regular.jpeg	disillusionment
/data/text_recognition/samples/9999/9999116_LARGOS_5_MetalMania-Regular.jpeg	largos
/data/text_recognition/samples/9999/9999683_EXTERNAL_-4_HindMadurai-Bold.jpeg	external
/data/text_recognition/samples/9999/9999400_TROWELED_-4_Scada-Italic.jpeg	troweled
/data/text_recognition/samples/9999/9999685_snappily_4_Karla-Bold.jpeg	snappily
/data/text_recognition/samples/9999/9999949_procrustean_5_IstokWeb-BoldItalic.jpeg	procrustean
/data/text_recognition/samples/9999/9999110_SLAKING_-2_Quintessential-Regular.jpeg	slaking
/data/text_recognition/samples/9999/9999321_ELBA_1_KaushanScript-Regular.jpeg	elba
/data/text_recognition/samples/9999/9999380_kilt[_3_NanumGothicCoding-Bold.jpeg	kilt[
/data/text_recognition/samples/9999/9999461_signings_3_Poppins-Regular.jpeg	signings
/data/text_recognition/samples/9999/9999409_custodians_5_EBGaramond-Regular.jpeg	custodians
/data/text_recognition/samples/9999/9999281_petty_2_EncodeSansCondensed-Thin.jpeg	petty
/data/text_recognition/samples/9999/9999472_untenanted_-2_OpenSans-CondLight.jpeg	untenanted
/data/text_recognition/samples/9999/9999812_UBIQUITY_0_Monoton-Regular.jpeg	ubiquity
/data/text_recognition/samples/9999/9999841_LOFT_-1_PontanoSans-Regular.jpeg	loft
/data/text_recognition/samples/9999/9999775_NOTTINGHAM_5_Ramaraja-Regular.jpeg	nottingham
/data/text_recognition/samples/9999/9999544_molding_-4_RibeyeMarrow-Regular.jpeg	molding
/data/text_recognition/samples/9999/9999172_smiled_-3_Arya-Regular.jpeg	smiled
/data/text_recognition/samples/9999/9999335_unidirectional_-2_Miniver-Regular.jpeg	unidirectional
/data/text_recognition/samples/9999/9999158_RUNIC_-4_JosefinSansStd-Light.jpeg	runic
/data/text_recognition/samples/9999/9999438_DEFILEMENT_-2_RussoOne-Regular.jpeg	defilement
/data/text_recognition/samples/9999/9999376_phantoms_3_AnnieUseYourTelescope.jpeg	phantoms
/data/text_recognition/samples/9999/9999945_DUCKIER_5_Codystar-Regular.jpeg	duckier
/data/text_recognition/samples/9999/9999150_[SALMONS_0_Karma-SemiBold.jpeg	[salmons
/data/text_recognition/samples/9999/9999439_brothel_-2_VastShadow-Regular.jpeg	brothel
/data/text_recognition/samples/9999/9999670_,subtract_-5_EncodeSans-Thin.jpeg	,subtract
/data/text_recognition/samples/9999/9999284_huffier_3_HindSiliguri-Light.jpeg	huffier
/data/text_recognition/samples/9999/9999109_TULAREMIA_1_CrimsonText-Semibold.jpeg	tularemia
/data/text_recognition/samples/9999/9999139_hie_-4_AlegreyaSansSC-ThinItalic.jpeg	hie
/data/text_recognition/samples/9999/9999130_prices(_-2_Felipa-Regular.jpeg	prices(
/data/text_recognition/samples/9999/9999415_@grandsons_-1_LobsterTwo-Italic.jpeg	@grandsons
/data/text_recognition/samples/9999/9999308_EYEOPENING_4_Rosario-Regular.jpeg	eyeopening
/data/text_recognition/samples/9999/9999573_GLAMOROUS_4_PT_Sans-Narrow-Web-Bold.jpeg	glamorous
/data/text_recognition/samples/9999/9999814_ASSETS_-1_DaysOne-Regular.jpeg	assets
/data/text_recognition/samples/9999/9999432_chemists_5_Monofett.jpeg	chemists
/data/text_recognition/samples/9999/9999440_dabber_-4_Sarpanch-Bold.jpeg	dabber
/data/text_recognition/samples/9999/9999265_approximate_1_NoticiaText-Regular.jpeg	approximate
/data/text_recognition/samples/9999/9999115_woodenly_1_Graduate-Regular.jpeg	woodenly
/data/text_recognition/samples/9999/9999082_clique_0_AveriaSansLibre-Bold.jpeg	clique
/data/text_recognition/samples/9999/9999401_beakers_1_HindMadurai-Bold.jpeg	beakers
/data/text_recognition/samples/9999/9999160_suffocation_0_NTR-Regular.jpeg	suffocation
/data/text_recognition/samples/9999/9999374_informers_-4_Iceland-Regular.jpeg	informers
/data/text_recognition/samples/9999/9999338_SPIELS_5_HindMysuru-Light.jpeg	spiels
/data/text_recognition/samples/9999/9999007_coleus_-4_LibreCaslonText-Bold.jpeg	coleus
/data/text_recognition/samples/9999/9999097_TRIANGLES_5_Caveat-Regular.jpeg	triangles
/data/text_recognition/samples/9999/9999453_WILDCATTERS_2_DancingScript-Regular.jpeg	wildcatters
/data/text_recognition/samples/9999/9999286_paragon_-1_Montserrat-Thin.jpeg	paragon
/data/text_recognition/samples/9999/9999623_:dimming_-2_Caudex-Bold.jpeg	:dimming
/data/text_recognition/samples/9999/9999492_MARTIAL_-2_Sarabun-Italic.jpeg	martial
/data/text_recognition/samples/9999/9999285_saussure(_1_GFSNeohellenicBoldItalic.jpeg	saussure(
/data/text_recognition/samples/9999/9999985_MANANA_1_Lobster-Regular.jpeg	manana
/data/text_recognition/samples/9999/9999847_deluges_-5_Martel-Bold.jpeg	deluges
/data/text_recognition/samples/9999/9999892_ERASE_1_RacingSansOne-Regular.jpeg	erase
/data/text_recognition/samples/9999/9999873_ABET_4_Margarine-Regular.jpeg	abet
/data/text_recognition/samples/9999/9999838_DIONYSIAN_1_Skranji-Regular.jpeg	dionysian
/data/text_recognition/samples/9999/9999514_RESPONSES_0_Norican-Regular.jpeg	responses
/data/text_recognition/samples/9999/9999777_UNDERWORLD_-3_DrSugiyama-Regular.jpeg	underworld
/data/text_recognition/samples/9999/9999990_chuck_-1_RobotoCondensed-Bold.jpeg	chuck
/data/text_recognition/samples/9999/9999899_DEPRESSANTS_-5_SonsieOne-Regular.jpeg	depressants
/data/text_recognition/samples/9999/9999809_REPLAYING_-2_Quicksand-Italic.jpeg	replaying
/data/text_recognition/samples/9999/9999912_SEMIAUTOMATIC[_-3_Monda-Regular.jpeg	semiautomatic[
/data/text_recognition/samples/9999/9999412_ACUTELY_0_MergeOne-Regular.jpeg	acutely
/data/text_recognition/samples/9999/9999870_JOHNS_3_NovaCut.jpeg	johns
/data/text_recognition/samples/9999/9999592_FLAT_3_Exo-SemiBold.jpeg	flat
/data/text_recognition/samples/9999/9999780_biennial!_1_CreepsterCaps-Regular.jpeg	biennial!
/data/text_recognition/samples/9999/9999402_LITIGANT_-1_Cousine-Bold.jpeg	litigant
/data/text_recognition/samples/9999/9999147_CRECY&_-5_Oswald-Regular.jpeg	crecy&
/data/text_recognition/samples/9999/9999010_PEN_2_Biryani-Bold.jpeg	pen
/data/text_recognition/samples/9999/9999479_COUNTERACTED_-4_Roboto-MediumItalic.jpeg	counteracted
/data/text_recognition/samples/9999/9999287_?KENTUCKIAN_-3_Suravaram-Regular.jpeg	?kentuckian
/data/text_recognition/samples/9999/9999340_litigators_-1_SourceSansPro-Italic.jpeg	litigators
/data/text_recognition/samples/9999/9999018_postpak_3_RougeScript-Regular.jpeg	postpak
/data/text_recognition/samples/9999/9999290_blunders_-4_GoudyBookletter1911.jpeg	blunders
/data/text_recognition/samples/9999/9999950_schnozes_3_Fresca-Regular.jpeg	schnozes
/data/text_recognition/samples/9999/9999947_CONSTRAINING_-3_Scada-BoldItalic.jpeg	constraining
/data/text_recognition/samples/9999/9999036_)superhighways_-1_SeaweedScript-Regular.jpeg	)superhighways
/data/text_recognition/samples/9999/9999587_REDELIVER_1_JosefinSlab-Italic.jpeg	redeliver
/data/text_recognition/samples/9999/9999758_PULPIEST_-1_JacquesFrancois-Regular.jpeg	pulpiest
/data/text_recognition/samples/9999/9999137_RUDIMENT_-3_WorkSans-Bold.jpeg	rudiment
/data/text_recognition/samples/9999/9999844_avogadro_5_EncodeSansWide-ExtraBold.jpeg	avogadro
/data/text_recognition/samples/9999/9999911_UNBOSOMED)_-4_JustAnotherHand.jpeg	unbosomed)
/data/text_recognition/samples/9999/9999219_disgruntled-_4_OldStandard-Regular.jpeg	disgruntled-
/data/text_recognition/samples/9999/9999636_micrometeorites_2_Economica-BoldItalic.jpeg	micrometeorites
/data/text_recognition/samples/9999/9999104_!PLIANT_3_Sacramento-Regular.jpeg	!pliant
/data/text_recognition/samples/9999/9999513_TAILSPIN_4_Gorditas-Bold.jpeg	tailspin
/data/text_recognition/samples/9999/9999069_WATERWORKS_3_Cousine-Italic.jpeg	waterworks
/data/text_recognition/samples/9999/9999225_ITCHINESS_-2_SixCaps.jpeg	itchiness
/data/text_recognition/samples/9999/9999235_DABBERS_5_StardosStencil-Regular.jpeg	dabbers
/data/text_recognition/samples/9999/9999031_TWITCH_4_MrsSaintDelafield-Regular.jpeg	twitch
/data/text_recognition/samples/9999/9999729_omnivorousness_3_HerrVonMuellerhoff-Regular.jpeg	omnivorousness
/data/text_recognition/samples/9999/9999569_HEINZ_-4_Cambay-Bold.jpeg	heinz
/data/text_recognition/samples/9999/9999767_spinal_3_VampiroOne-Regular.jpeg	spinal
/data/text_recognition/samples/9999/9999125_@INTERNEES_-3_Exo2-Italic.jpeg	@internees
/data/text_recognition/samples/9999/9999551_IMPACTING_-3_PinyonScript-Regular.jpeg	impacting
/data/text_recognition/samples/9999/9999348_whiled_-5_AlegreyaSansSC-Medium.jpeg	whiled
/data/text_recognition/samples/9999/9999508_:EFFUSIONS_3_LeckerliOne-Regular.jpeg	:effusions
/data/text_recognition/samples/9999/9999969_@lactating_-5_MontserratAlternates-Regular.jpeg	@lactating
/data/text_recognition/samples/9999/9999608_FEDERALIZING)_-3_Lemon-Regular.jpeg	federalizing)
/data/text_recognition/samples/9999/9999481_POINTER_-5_Overlock-BoldItalic.jpeg	pointer
/data/text_recognition/samples/9999/9999598_semitrailer_-1_Anton.jpeg	semitrailer
/data/text_recognition/samples/9999/9999617_UNCORKING_-1_Numans-Regular.jpeg	uncorking
/data/text_recognition/samples/9999/9999132_handily_4_EncodeSansWide-Medium.jpeg	handily
/data/text_recognition/samples/9999/9999851_sequestrated_-4_Nobile-Medium.jpeg	sequestrated
/data/text_recognition/samples/9999/9999774_:UVULA_2_VesperLibre-Bold.jpeg	:uvula
/data/text_recognition/samples/9999/9999593_SLAKES_-3_Eczar-SemiBold.jpeg	slakes
/data/text_recognition/samples/9999/9999046_ubernahme_-2_Neuton-Bold.jpeg	ubernahme
/data/text_recognition/samples/9999/9999938_TRIBUNAL_0_HomemadeApple.jpeg	tribunal
/data/text_recognition/samples/9999/9999665_UNTOWARD_-2_PT_Sans-Narrow-Web-Bold.jpeg	untoward
/data/text_recognition/samples/9999/9999894_COMELIEST_-5_Tienne-Regular.jpeg	comeliest
/data/text_recognition/samples/9999/9999706_mistily_-1_GenBkBasB.jpeg	mistily
/data/text_recognition/samples/9999/9999034_[kickbacks)_5_AlegreyaSansSC-BlackItalic.jpeg	[kickbacks)
/data/text_recognition/samples/9999/9999664_thyself_-2_Raleway-SemiBold.jpeg	thyself
/data/text_recognition/samples/9999/9999454_TOWEL:_0_HammersmithOne-Regular.jpeg	towel:
/data/text_recognition/samples/9999/9999342_TERRITORIES_-2_SourceCodePro-Black.jpeg	territories
/data/text_recognition/samples/9999/9999505_astronautic_0_BenchNine-Regular.jpeg	astronautic
/data/text_recognition/samples/9999/9999633_WALKABOUT_3_SourceCodePro-Black.jpeg	walkabout
/data/text_recognition/samples/9999/9999214_PROTUBERANT_2_SourceSansPro-Italic.jpeg	protuberant
/data/text_recognition/samples/9999/9999919_PHEW_0_Cantarell-Oblique.jpeg	phew
/data/text_recognition/samples/9999/9999579_collectively&_-1_Habibi-Regular.jpeg	collectively&
/data/text_recognition/samples/9999/9999538_DOTTED]_4_OvertheRainbow.jpeg	dotted]
/data/text_recognition/samples/9999/9999808_san_-2_SupermercadoOne-Regular.jpeg	san
/data/text_recognition/samples/9999/9999103_TOTING_2_Sarpanch-ExtraBold.jpeg	toting
/data/text_recognition/samples/9999/9999241_underscored_-5_Smythe-Regular.jpeg	underscored
/data/text_recognition/samples/9999/9999254_geopolitical_-3_SeoulHangang-Bold.jpeg	geopolitical
/data/text_recognition/samples/9999/9999656_hoggish_5_IrishGrowler.jpeg	hoggish
/data/text_recognition/samples/9999/9999621_roche_-3_Bentham-Regular.jpeg	roche
/data/text_recognition/samples/9999/9999209_internally_-2_EaterCaps-Regular.jpeg	internally
/data/text_recognition/samples/9999/9999862_COMEDIC_3_JotiOne-Regular.jpeg	comedic
/data/text_recognition/samples/9999/9999230_ascetics_3_Milonga-Regular.jpeg	ascetics
/data/text_recognition/samples/9999/9999259_SONATINA_3_AlegreyaSansSC-Regular.jpeg	sonatina
/data/text_recognition/samples/9999/9999760_angrily_0_SeoulNamsanCondensed-Light.jpeg	angrily
/data/text_recognition/samples/9999/9999822_CONFIDANTS_-4_Romanesco-Regular.jpeg	confidants
/data/text_recognition/samples/9999/9999445_legislation_5_Poly-Regular.jpeg	legislation
/data/text_recognition/samples/9999/9999712_mater_-5_RockSalt.jpeg	mater
/data/text_recognition/samples/9999/9999566_SEDITION_0_Judson-Bold.jpeg	sedition
/data/text_recognition/samples/9999/9999925_bollard_-5_PontanoSans-Regular.jpeg	bollard
/data/text_recognition/samples/9999/9999194_HIGHWAY_5_WorkSans-Thin.jpeg	highway
/data/text_recognition/samples/9999/9999397_DESECRATION]_-2_PT_Serif-Web-BoldItalic.jpeg	desecration]
/data/text_recognition/samples/9999/9999832_purveyors_1_EricaOne-Regular.jpeg	purveyors
/data/text_recognition/samples/9999/9999842_POSTILIONS_3_Stoke-Light.jpeg	postilions
/data/text_recognition/samples/9999/9999203_family_-5_Vibur-Regular.jpeg	family
/data/text_recognition/samples/9999/9999113_ESTRADA:_0_Signika-Bold.jpeg	estrada:
/data/text_recognition/samples/9999/9999697_knifed_1_LibreBaskerville-Regular.jpeg	knifed
/data/text_recognition/samples/9999/9999408_RUSTICA_0_WendyOne-Regular.jpeg	rustica
/data/text_recognition/samples/9999/9999092_.AGREEMENTS_-3_KoPubBatang-Bold.jpeg	.agreements
/data/text_recognition/samples/9999/9999297_ARTEMIS_-4_EncodeSans-SemiBold.jpeg	artemis
/data/text_recognition/samples/9999/9999357_EXPLICITLY_-1_Dosis-SemiBold.jpeg	explicitly
/data/text_recognition/samples/9999/9999263_CASEBOOK@_5_Quicksand-Italic.jpeg	casebook@
/data/text_recognition/samples/9999/9999278_-palestrina_1_JosefinSlab-Thin.jpeg	-palestrina
/data/text_recognition/samples/9999/9999850_aperitifs_-4_Alegreya-Bold.jpeg	aperitifs
/data/text_recognition/samples/9999/9999048_knuckle_-3_Flamenco-Light.jpeg	knuckle
/data/text_recognition/samples/9999/9999605_@BOTCHERS?_-5_RobotoMono-Bold.jpeg	@botchers?
/data/text_recognition/samples/9999/9999008_(composure_-3_Astloch-Regular.jpeg	(composure
/data/text_recognition/samples/9999/9999835_cabinetmaker_-4_Vibur-Regular.jpeg	cabinetmaker
/data/text_recognition/samples/9999/9999768_influx_1_KiteOne-Regular.jpeg	influx
/data/text_recognition/samples/9999/9999099_splotches_-2_Chango-Regular.jpeg	splotches
/data/text_recognition/samples/9999/9999539_proudly_-1_Kreon-Light.jpeg	proudly
/data/text_recognition/samples/9999/9999414_wharves_1_OldStandard-Italic.jpeg	wharves
/data/text_recognition/samples/9999/9999898_spading_2_Amiri-Slanted.jpeg	spading
/data/text_recognition/samples/9999/9999976_INVIOLABILITY_-4_PurplePurse-Regular.jpeg	inviolability
/data/text_recognition/samples/9999/9999734_STAFFERS_-3_SeoulNamsanCondensed-Light.jpeg	staffers
/data/text_recognition/samples/9999/9999133_faradizing@_5_Teko-Light.jpeg	faradizing@
/data/text_recognition/samples/9999/9999627_BIGOTRIES_-4_Karma-Bold.jpeg	bigotries
/data/text_recognition/samples/9999/9999686_multiplicative(_0_WorkSans-Regular.jpeg	multiplicative(
/data/text_recognition/samples/9999/9999322_:stuttering_-2_Sarpanch-Black.jpeg	:stuttering
/data/text_recognition/samples/9999/9999350_weekenders_4_Sarala-Bold.jpeg	weekenders
/data/text_recognition/samples/9999/9999918_buzzing_1_HindKochi-Regular.jpeg	buzzing
/data/text_recognition/samples/9999/9999604_screenplay_-2_Laila-Light.jpeg	screenplay
/data/text_recognition/samples/9999/9999304_SWORDS]_-1_Oxygen-Regular.jpeg	swords]
/data/text_recognition/samples/9999/9999864_-WINDEX_1_Wallpoet-Regular.jpeg	-windex
/data/text_recognition/samples/9999/9999071_flights_-2_MerriweatherSans-LightItalic.jpeg	flights
/data/text_recognition/samples/9999/9999216_sportively_3_Merriweather-Black.jpeg	sportively
/data/text_recognition/samples/9999/9999471_LINTEL_-2_ArchivoBlack-Regular.jpeg	lintel
/data/text_recognition/samples/9999/9999029_perfectionists_1_Limelight-Regular.jpeg	perfectionists
/data/text_recognition/samples/9999/9999975_?pleurisy_-2_Overlock-Black.jpeg	?pleurisy
/data/text_recognition/samples/9999/9999050_REALS_1_HomemadeApple.jpeg	reals
/data/text_recognition/samples/9999/9999178_harlequin_4_InknutAntiqua-SemiBold.jpeg	harlequin
/data/text_recognition/samples/9999/9999731_FORWARD_-4_Delius-Regular.jpeg	forward
/data/text_recognition/samples/9999/9999625_)wormier_-5_KoPubBatang-Regular.jpeg	)wormier
/data/text_recognition/samples/9999/9999074_pusillanimity_-5_Rubik-Light.jpeg	pusillanimity
/data/text_recognition/samples/9999/9999083_mangeds_2_NovaRound.jpeg	mangeds
/data/text_recognition/samples/9999/9999383_KIWI_-5_FjordOne-Regular.jpeg	kiwi
/data/text_recognition/samples/9999/9999042_PRECINCTS_-1_SourceSerifPro-Bold.jpeg	precincts
/data/text_recognition/samples/9999/9999728_DIRECTIVE_4_TenorSans-Regular.jpeg	directive
/data/text_recognition/samples/9999/9999135_wop_-2_Sarabun-BoldItalic.jpeg	wop
/data/text_recognition/samples/9999/9999509_tumble_3_Khula-ExtraBold.jpeg	tumble
/data/text_recognition/samples/9999/9999329_lousiest_-1_Rosario-BoldItalic.jpeg	lousiest
/data/text_recognition/samples/9999/9999327_hops_4_AnnieUseYourTelescope.jpeg	hops
/data/text_recognition/samples/9999/9999464_celeb_2_Knewave-Regular.jpeg	celeb
/data/text_recognition/samples/9999/9999004_@allotting_-4_Cedarville-Cursive.jpeg	@allotting
/data/text_recognition/samples/9999/9999667_HEADCHEESE_2_DawningofaNewDay.jpeg	headcheese
/data/text_recognition/samples/9999/9999093_bloodhounds_5_MartelSans-Bold.jpeg	bloodhounds
/data/text_recognition/samples/9999/9999420_interpolating_2_Junge-Regular.jpeg	interpolating
/data/text_recognition/samples/9999/9999896_PUNCHBAG_4_CaesarDressing-Regular.jpeg	punchbag
/data/text_recognition/samples/9999/9999974_cowbell_-4_Roboto-Bold.jpeg	cowbell
/data/text_recognition/samples/9999/9999080_delves_2_Amiri-Bold.jpeg	delves
/data/text_recognition/samples/9999/9999033_CENSUSES_4_Wallpoet-Regular.jpeg	censuses
/data/text_recognition/samples/9999/9999700_kemp@_-5_Ubuntu-LightItalic.jpeg	kemp@
/data/text_recognition/samples/9999/9999310_)kruger_2_NewRocker-Regular.jpeg	)kruger
/data/text_recognition/samples/9999/9999457_intelligently_-3_VampiroOne-Regular.jpeg	intelligently
/data/text_recognition/samples/9999/9999193_kissed_-3_IstokWeb-BoldItalic.jpeg	kissed
/data/text_recognition/samples/9999/9999459_MONGERED_3_Raleway-Bold.jpeg	mongered
/data/text_recognition/samples/9999/9999673_CHASES_2_OpenSans-Bold.jpeg	chases
/data/text_recognition/samples/9999/9999682_jailbreaks_-4_DeliusUnicase-Bold.jpeg	jailbreaks
/data/text_recognition/samples/9999/9999146_foible_-4_WaitingfortheSunrise.jpeg	foible
/data/text_recognition/samples/9999/9999085_augmenting_-4_Bitter-Bold.jpeg	augmenting
/data/text_recognition/samples/9999/9999688_gnashes_3_VesperLibre-Bold.jpeg	gnashes
/data/text_recognition/samples/9999/9999874_vitriolically_-2_DancingScript-Bold.jpeg	vitriolically
/data/text_recognition/samples/9999/9999960_parlaying_-1_EricaOne-Regular.jpeg	parlaying
/data/text_recognition/samples/9999/9999800_SCULPTURING_3_TitilliumWeb-ExtraLightItalic.jpeg	sculpturing
/data/text_recognition/samples/9999/9999129_TOBACCONIST_4_Signika-Light.jpeg	tobacconist
/data/text_recognition/samples/9999/9999872_BONCES:_4_Skranji-Bold.jpeg	bonces:
/data/text_recognition/samples/9999/9999301_PREDECESSORS_0_HindSiliguri-Bold.jpeg	predecessors
/data/text_recognition/samples/9999/9999730_DAUNTLESSNESS,?_-3_Lekton-Regular.jpeg	dauntlessness,?
/data/text_recognition/samples/9999/9999904_WISING-_-4_JacquesFrancois-Regular.jpeg	wising-
/data/text_recognition/samples/9999/9999725_(CLINICIANS_3_Palanquin-Thin.jpeg	(clinicians
/data/text_recognition/samples/9999/9999119_GRUDGING_1_Halant-Bold.jpeg	grudging
/data/text_recognition/samples/9999/9999748_antebellum_2_JotiOne-Regular.jpeg	antebellum
/data/text_recognition/samples/9999/9999198_JIGGED_-5_Share-Italic.jpeg	jigged
/data/text_recognition/samples/9999/9999159_mailbag_0_Nobile-Medium.jpeg	mailbag
/data/text_recognition/samples/9999/9999364_BURRED_-4_OldStandard-Italic.jpeg	burred
/data/text_recognition/samples/9999/9999895_[scabrous_3_Fenix-Regular.jpeg	[scabrous
/data/text_recognition/samples/9999/9999151_MEALTIME_-5_Martel-Regular.jpeg	mealtime
/data/text_recognition/samples/9999/9999462_ASCERTAINMENT_3_AlegreyaSC-Bold.jpeg	ascertainment
/data/text_recognition/samples/9999/9999702_EERIE._-5_Vibur-Regular.jpeg	eerie.
/data/text_recognition/samples/9999/9999200_plaintiff-_0_Iceberg-Regular.jpeg	plaintiff-
/data/text_recognition/samples/9999/9999861_performing._4_Varta-Bold.jpeg	performing.
/data/text_recognition/samples/9999/9999542_beckoning_4_Quicksand-LightItalic.jpeg	beckoning
/data/text_recognition/samples/9999/9999790_FRAILTY&_-3_Palanquin-ExtraLight.jpeg	frailty&
/data/text_recognition/samples/9999/9999600_texas_-1_Pecita.jpeg	texas
/data/text_recognition/samples/9999/9999924_statement_0_JosefinSans-SemiBoldItalic.jpeg	statement
/data/text_recognition/samples/9999/9999126_CUPOLA_0_Redressed.jpeg	cupola
/data/text_recognition/samples/9999/9999320_UNMERCIFUL_2_Caudex-BoldItalic.jpeg	unmerciful
/data/text_recognition/samples/9999/9999939_TUNGSTEN_-4_Martel-Light.jpeg	tungsten
/data/text_recognition/samples/9999/9999156_spadefuls_-4_Griffy-Regular.jpeg	spadefuls
/data/text_recognition/samples/9999/9999903_tole_-2_Arvo-Regular.jpeg	tole
/data/text_recognition/samples/9999/9999032_wonted_3_Jaldi-Bold.jpeg	wonted
/data/text_recognition/samples/9999/9999753_intestine_4_Aubrey-Regular.jpeg	intestine
/data/text_recognition/samples/9999/9999676_PIERCE_-3_SourceSansPro-BoldItalic.jpeg	pierce
/data/text_recognition/samples/9999/9999227_ostracizing_0_CherryCreamSoda.jpeg	ostracizing
/data/text_recognition/samples/9999/9999649_subcultures_1_Kalam-Light.jpeg	subcultures
/data/text_recognition/samples/9999/9999500_chyme_-5_Khand-Light.jpeg	chyme
/data/text_recognition/samples/9999/9999977_clinking_-1_Cuprum-Italic.jpeg	clinking
/data/text_recognition/samples/9999/9999736_BRUNETS_-2_MontserratAlternates-Bold.jpeg	brunets
/data/text_recognition/samples/9999/9999463_ENG_3_Asar-Regular.jpeg	eng
/data/text_recognition/samples/9999/9999309_bindi_-5_Scheherazade-Regular.jpeg	bindi
/data/text_recognition/samples/9999/9999693_WAGNER_5_NanumMyeongjo-ExtraBold.jpeg	wagner
/data/text_recognition/samples/9999/9999218_(UNMOLESTED_3_Arya-Regular.jpeg	(unmolested
/data/text_recognition/samples/9999/9999473_MOTLEY_-5_Sacramento-Regular.jpeg	motley
/data/text_recognition/samples/9999/9999601_meir_-5_HindJalandhar-SemiBold.jpeg	meir
/data/text_recognition/samples/9999/9999638_CORINTH_5_SeoulNamsanCondensed-Black.jpeg	corinth
/data/text_recognition/samples/9999/9999315_KIRK&_-3_EncodeSansCompressed-Thin.jpeg	kirk&
/data/text_recognition/samples/9999/9999086_bluster_5_Eczar-ExtraBold.jpeg	bluster
/data/text_recognition/samples/9999/9999239_GOODYEAR_3_Inika-Regular.jpeg	goodyear
/data/text_recognition/samples/9999/9999056_cosmeticians_3_AveriaSerifLibre-LightItalic.jpeg	cosmeticians
/data/text_recognition/samples/9999/9999488_RESPONDED_-4_Mallanna-Regular.jpeg	responded
/data/text_recognition/samples/9999/9999962_ribald_-2_Mandali-Regular.jpeg	ribald
/data/text_recognition/samples/9999/9999252_HUMANEST_5_Aubrey-Regular.jpeg	humanest
/data/text_recognition/samples/9999/9999240_ENDYMION_1_CoveredByYourGrace.jpeg	endymion
/data/text_recognition/samples/9999/9999460_DEFROST_-3_Neuton-Bold.jpeg	defrost
/data/text_recognition/samples/9999/9999138_recrystallized_5_Cambay-Bold.jpeg	recrystallized
/data/text_recognition/samples/9999/9999012_overwrite_4_Nunito-Bold.jpeg	overwrite
/data/text_recognition/samples/9999/9999423_TERRAPINS_5_AlegreyaSansSC-LightItalic.jpeg	terrapins
/data/text_recognition/samples/9999/9999540_systematized_0_Aubrey-Regular.jpeg	systematized
/data/text_recognition/samples/9999/9999821_saintlike_5_EncodeSansWide-Bold.jpeg	saintlike
/data/text_recognition/samples/9999/9999751_sequential_-3_Petrona-Regular.jpeg	sequential
/data/text_recognition/samples/9999/9999246_WANGLES_-5_Tillana-ExtraBold.jpeg	wangles
/data/text_recognition/samples/9999/9999869_mumbletypeg_5_OverlockSC-Regular.jpeg	mumbletypeg
/data/text_recognition/samples/9999/9999692_IMPORTUNE_0_HappyMonkey-Regular.jpeg	importune
/data/text_recognition/samples/9999/9999576_RIGGERS_4_OriginalSurfer-Regular.jpeg	riggers
/data/text_recognition/samples/9999/9999337_sutures_3_Amaranth-Italic.jpeg	sutures
/data/text_recognition/samples/9999/9999195_futons_2_Khand-Light.jpeg	futons
/data/text_recognition/samples/9999/9999922_BOMB_4_AlegreyaSansSC-LightItalic.jpeg	bomb
/data/text_recognition/samples/9999/9999740_loungers?_5_PermanentMarker.jpeg	loungers?
/data/text_recognition/samples/9999/9999582_klaxon_-4_OpenSans-BoldItalic.jpeg	klaxon
/data/text_recognition/samples/9999/9999860_spiry_5_Cousine-Bold.jpeg	spiry
/data/text_recognition/samples/9999/9999568_SOUSES_3_Tillana-Regular.jpeg	souses
/data/text_recognition/samples/9999/9999831_.gentleness_0_SourceSerifPro-Semibold.jpeg	.gentleness
/data/text_recognition/samples/9999/9999724_UNACCEPTABILITY_5_JosefinSlab-BoldItalic.jpeg	unacceptability
/data/text_recognition/samples/9999/9999044_MOPIER_4_PTM55FT.jpeg	mopier
/data/text_recognition/samples/9999/9999213_DISCUSSION_4_Laila-Medium.jpeg	discussion
/data/text_recognition/samples/9999/9999351_DERIDED_4_Raleway-ExtraLightItalic.jpeg	derided
/data/text_recognition/samples/9999/9999356_TWERPS_0_JejuMyeongjo-Regular.jpeg	twerps
/data/text_recognition/samples/9999/9999328_zou_4_AlegreyaSansSC-LightItalic.jpeg	zou
/data/text_recognition/samples/9999/9999469_BALEFUL_4_AlegreyaSansSC-Thin.jpeg	baleful
/data/text_recognition/samples/9999/9999398_polemicist_0_MrsSheppards-Regular.jpeg	polemicist
/data/text_recognition/samples/9999/9999763_EDWARDIAN_2_Overlock-Black.jpeg	edwardian
/data/text_recognition/samples/9999/9999815_eyewash_-2_BubblerOne-Regular.jpeg	eyewash
/data/text_recognition/samples/9999/9999273_polish_4_Rambla-Italic.jpeg	polish
/data/text_recognition/samples/9999/9999361_glassblower_-2_CantoraOne-Regular.jpeg	glassblower
/data/text_recognition/samples/9999/9999077_NAPS_4_OleoScript-Regular.jpeg	naps
/data/text_recognition/samples/9999/9999068_redivides&_-5_Sarala-Bold.jpeg	redivides&
/data/text_recognition/samples/9999/9999217_KFC_0_AdventPro-ExtraLight.jpeg	kfc
/data/text_recognition/samples/9999/9999201_garble_5_Oldenburg-Regular.jpeg	garble
/data/text_recognition/samples/9999/9999648_clunkers_2_Yellowtail-Regular.jpeg	clunkers
/data/text_recognition/samples/9999/9999317_ENERVATES@_-3_Sintony-Bold.jpeg	enervates@
/data/text_recognition/samples/9999/9999039_AVDP_3_ComingSoon.jpeg	avdp
/data/text_recognition/samples/9999/9999251_RESURVEYING_-1_Eczar-Bold.jpeg	resurveying
/data/text_recognition/samples/9999/9999168_(stopover_-2_AndadaSC-Italic.jpeg	(stopover
/data/text_recognition/samples/9999/9999772_,courtrooms_5_Kreon-Regular.jpeg	,courtrooms
/data/text_recognition/samples/9999/9999482_folding_5_EaterCaps-Regular.jpeg	folding
/data/text_recognition/samples/9999/9999791_HERNIAS_2_OleoScript-Regular.jpeg	hernias
/data/text_recognition/samples/9999/9999141_FLAGELLATES_-4_CrimsonText-Bold.jpeg	flagellates
/data/text_recognition/samples/9999/9999811_CIRCUMSCRIBING_-1_MerriweatherSans-ExtraBoldItalic.jpeg	circumscribing
/data/text_recognition/samples/9999/9999323_bultmann_2_CantataOne-Regular.jpeg	bultmann
/data/text_recognition/samples/9999/9999958_deiced_-1_Peralta-Regular.jpeg	deiced
/data/text_recognition/samples/9999/9999152_splashy_-3_Jaldi-Regular.jpeg	splashy
/data/text_recognition/samples/9999/9999090_competitors_-4_Poppins-Bold.jpeg	competitors
/data/text_recognition/samples/9999/9999021_:REFACES_1_Slackey.jpeg	:refaces
/data/text_recognition/samples/9999/9999609_OVERAMBITIOUS_0_NewRocker-Regular.jpeg	overambitious
/data/text_recognition/samples/9999/9999185_BARBITURATE_-1_Arapey-Regular.jpeg	barbiturate
/data/text_recognition/samples/9999/9999615_guesstimating@_-1_Zeyada.jpeg	guesstimating@
/data/text_recognition/samples/9999/9999038_SYSTEMATIZING_-4_HindVadodara-Regular.jpeg	systematizing
/data/text_recognition/samples/9999/9999707_livy_-4_Exo2-Italic.jpeg	livy
/data/text_recognition/samples/9999/9999883_ranee_-4_SourceSansPro-Light.jpeg	ranee
/data/text_recognition/samples/9999/9999795_pirouette_0_EncodeSans-Regular.jpeg	pirouette
/data/text_recognition/samples/9999/9999506_YARMULKE_-4_Sarpanch-Medium.jpeg	yarmulke
/data/text_recognition/samples/9999/9999923_cosines_-2_Limelight-Regular.jpeg	cosines
/data/text_recognition/samples/9999/9999345_MEGABYTE_3_ComingSoon.jpeg	megabyte
/data/text_recognition/samples/9999/9999828_chatterbox_5_Alegreya-BlackItalic.jpeg	chatterbox
/data/text_recognition/samples/9999/9999548_UNSTABLER_0_CarroisGothic-Regular.jpeg	unstabler
/data/text_recognition/samples/9999/9999306_LUMBERYARDS_-3_OxygenMono-Regular.jpeg	lumberyards
/data/text_recognition/samples/9999/9999455_,CODDLING_3_Rambla-Regular.jpeg	,coddling
/data/text_recognition/samples/9999/9999084_&appends_-1_SeoulNamsan-ExtraBold.jpeg	&appends
/data/text_recognition/samples/9999/9999450_PURIM:_-3_Antic-Regular.jpeg	purim:
/data/text_recognition/samples/9999/9999766_rejoice_-3_FrancoisOne.jpeg	rejoice
/data/text_recognition/samples/9999/9999543_ROUTINIZES_-2_Exo-Italic.jpeg	routinizes
/data/text_recognition/samples/9999/9999517_constructed(_-3_Podkova-Regular.jpeg	constructed(
/data/text_recognition/samples/9999/9999030_from_-4_Griffy-Regular.jpeg	from
/data/text_recognition/samples/9999/9999834_FUMS_2_Lemon-Regular.jpeg	fums
/data/text_recognition/samples/9999/9999192_mailed_-4_ExpletusSans-Bold.jpeg	mailed
/data/text_recognition/samples/9999/9999076_FREEWHEELING_5_PrincessSofia-Regular.jpeg	freewheeling
/data/text_recognition/samples/9999/9999155_immortalizes_3_EncodeSansWide-Thin.jpeg	immortalizes
/data/text_recognition/samples/9999/9999645_trilaterals_-5_EncodeSansCompressed-ExtraLight.jpeg	trilaterals
/data/text_recognition/samples/9999/9999295_SEROTONIN_-5_Palanquin-Light.jpeg	serotonin
/data/text_recognition/samples/9999/9999466_coolness_-2_Neuton-Regular.jpeg	coolness
/data/text_recognition/samples/9999/9999363_ethnographic!_3_Khand-Bold.jpeg	ethnographic!
/data/text_recognition/samples/9999/9999000_OVEREXTENDING_-2_EkMukta-Regular.jpeg	overextending
/data/text_recognition/samples/9999/9999546_SHORT)_1_Nobile-MediumItalic.jpeg	short)
/data/text_recognition/samples/9999/9999662_EFFACE_0_LilyScriptOne-Regular.jpeg	efface
/data/text_recognition/samples/9999/9999330_sunk_0_AdventPro-Bold.jpeg	sunk
/data/text_recognition/samples/9999/9999765_auricular-_4_Palanquin-SemiBold.jpeg	auricular-
/data/text_recognition/samples/9999/9999570_vulgarity_4_NovaOval.jpeg	vulgarity
/data/text_recognition/samples/9999/9999292_DISBELIEVERS_5_EncodeSansCompressed-Black.jpeg	disbelievers
/data/text_recognition/samples/9999/9999518_POSTULATED_5_GenBasB.jpeg	postulated
/data/text_recognition/samples/9999/9999035_@IMPORTUNITY_5_MartelSans-Light.jpeg	@importunity
/data/text_recognition/samples/9999/9999070_johann_-2_LoversQuarrel-Regular.jpeg	johann
/data/text_recognition/samples/9999/9999541_.nevadans_5_Eater-Regular.jpeg	.nevadans
/data/text_recognition/samples/9999/9999739_DUMAN_3_Cabin-Medium.jpeg	duman
/data/text_recognition/samples/9999/9999233_declassification,_4_RougeScript-Regular.jpeg	declassification,
/data/text_recognition/samples/9999/9999386_brigand_-4_GenBkBasBI.jpeg	brigand
/data/text_recognition/samples/9999/9999458_MEDICALS_-2_TenaliRamakrishna-Regular.jpeg	medicals
/data/text_recognition/samples/9999/9999313_samantha_3_Bitter-Regular.jpeg	samantha
/data/text_recognition/samples/9999/9999905_BITS_-3_Martel-Light.jpeg	bits
/data/text_recognition/samples/9999/9999410_dunlap_2_Megrim.jpeg	dunlap
/data/text_recognition/samples/9999/9999936_trustful_-5_Muli-Light.jpeg	trustful
/data/text_recognition/samples/9999/9999978_evolutionist_3_RobotoMono-BoldItalic.jpeg	evolutionist
/data/text_recognition/samples/9999/9999503_,mungs_-3_Rufina-Regular.jpeg	,mungs
/data/text_recognition/samples/9999/9999346_golfed_-5_Catamaran-SemiBold.jpeg	golfed
/data/text_recognition/samples/9999/9999787_locking_4_Ubuntu-Italic.jpeg	locking
/data/text_recognition/samples/9999/9999637_halfpenny_-4_MrsSheppards-Regular.jpeg	halfpenny
/data/text_recognition/samples/9999/9999072_?RELAUNCHING_1_ComingSoon.jpeg	?relaunching
/data/text_recognition/samples/9999/9999595_CAMERON_-1_Habibi-Regular.jpeg	cameron
/data/text_recognition/samples/9999/9999613_deepens_-5_EncodeSansNarrow-Thin.jpeg	deepens
/data/text_recognition/samples/9999/9999237_DITSIEST_-5_EncodeSansNarrow-Regular.jpeg	ditsiest
/data/text_recognition/samples/9999/9999744_thurber@_2_TenaliRamakrishna-Regular.jpeg	thurber@
/data/text_recognition/samples/9999/9999341_GEARING_-3_AdventPro-Bold.jpeg	gearing
/data/text_recognition/samples/9999/9999677_fiddlier_1_EmblemaOne-Regular.jpeg	fiddlier
/data/text_recognition/samples/9999/9999370_(cartwheeled_0_Palanquin-Light.jpeg	(cartwheeled
/data/text_recognition/samples/9999/9999846_ELLIPSOIDS_-2_MavenPro-Medium.jpeg	ellipsoids
/data/text_recognition/samples/9999/9999932_CURBING_-1_VesperLibre-Medium.jpeg	curbing
/data/text_recognition/samples/9999/9999959_recto_-5_Tienne-Bold.jpeg	recto
/data/text_recognition/samples/9999/9999984_congregationalist_2_RubikOne-Regular.jpeg	congregationalist
/data/text_recognition/samples/9999/9999727_untitled_1_Cambay-Regular.jpeg	untitled
/data/text_recognition/samples/9999/9999289_DRUDGING_2_EncodeSansCondensed-Bold.jpeg	drudging
/data/text_recognition/samples/9999/9999857_.PREYS_5_AbhayaLibre-ExtraBold.jpeg	.preys
/data/text_recognition/samples/9999/9999816_CONCEPTUALIZE_1_ClickerScript-Regular.jpeg	conceptualize
/data/text_recognition/samples/9999/9999444_SUBSTANTIVE_5_Ultra.jpeg	substantive
/data/text_recognition/samples/9999/9999334_sententiously_-1_BenchNine-Bold.jpeg	sententiously
/data/text_recognition/samples/9999/9999644_TEXT_-2_Gurajada-Regular.jpeg	text
/data/text_recognition/samples/9999/9999515_FLABBINESS_-2_Quantico-BoldItalic.jpeg	flabbiness
/data/text_recognition/samples/9999/9999989_@TABERNA_3_Ubuntu-BoldItalic.jpeg	@taberna
/data/text_recognition/samples/9999/9999695_heartened_4_Exo2-BoldItalic.jpeg	heartened
/data/text_recognition/samples/9999/9999449_BOTTLING]_-1_Sarpanch-SemiBold.jpeg	bottling]
/data/text_recognition/samples/9999/9999914_REEQUIPPING_-1_Exo2-ExtraBold.jpeg	reequipping
/data/text_recognition/samples/9999/9999161_clef_0_Puritan-BoldItalic.jpeg	clef
/data/text_recognition/samples/9999/9999186_inactively_-4_SignikaNegative-Semibold.jpeg	inactively
/data/text_recognition/samples/9999/9999011_purposely_-4_PrincessSofia-Regular.jpeg	purposely
/data/text_recognition/samples/9999/9999477_CHELSEA_4_Cabin-SemiBold.jpeg	chelsea
/data/text_recognition/samples/9999/9999675_fictional_-1_Poly-Italic.jpeg	fictional
/data/text_recognition/samples/9999/9999144_BAALS_-1_Slackey.jpeg	baals
/data/text_recognition/samples/9999/9999504_fosters_-2_JosefinSans-ThinItalic.jpeg	fosters
/data/text_recognition/samples/9999/9999619_RATIONALIZING]_5_Michroma.jpeg	rationalizing]
/data/text_recognition/samples/9999/9999062_beginnings_-3_Playball-Regular.jpeg	beginnings
/data/text_recognition/samples/9999/9999779_grizzly_0_MaidenOrange.jpeg	grizzly
/data/text_recognition/samples/9999/9999171_cameras:_2_FrancoisOne.jpeg	cameras:
/data/text_recognition/samples/9999/9999255_shorthorns_4_Dosis-Bold.jpeg	shorthorns
/data/text_recognition/samples/9999/9999845_TEXAN_1_NATS-Regular.jpeg	texan
/data/text_recognition/samples/9999/9999154_foundering_0_LoversQuarrel-Regular.jpeg	foundering
/data/text_recognition/samples/9999/9999280_SOLIDIFIES_-5_CrimsonText-Italic.jpeg	solidifies
/data/text_recognition/samples/9999/9999051_screaming_-1_AtomicAge-Regular.jpeg	screaming
/data/text_recognition/samples/9999/9999474_grunewald_1_Exo2-ExtraBold.jpeg	grunewald
/data/text_recognition/samples/9999/9999291_-kindles_4_Andika-R.jpeg	-kindles
/data/text_recognition/samples/9999/9999245_successive_4_Halant-Light.jpeg	successive
/data/text_recognition/samples/9999/9999054_france_-5_Karma-SemiBold.jpeg	france
/data/text_recognition/samples/9999/9999167_OVERFLIGHTS_-4_LibreCaslonText-Italic.jpeg	overflights
/data/text_recognition/samples/9999/9999843_-SCRIPTWRITER_3_Sarabun-Bold.jpeg	-scriptwriter
/data/text_recognition/samples/9999/9999720_unconsidered-_5_Kreon-Light.jpeg	unconsidered-
/data/text_recognition/samples/9999/9999378_.RIVIERA_-5_PTM55FT.jpeg	.riviera
/data/text_recognition/samples/9999/9999124_remittances_-4_Neucha.jpeg	remittances
/data/text_recognition/samples/9999/9999094_SEAPORTS_3_Rokkitt-Bold.jpeg	seaports
/data/text_recognition/samples/9999/9999747_EXORCISING_-2_CinzelDecorative-Regular.jpeg	exorcising
/data/text_recognition/samples/9999/9999207_INCARNATIONS_2_Share-Bold.jpeg	incarnations
/data/text_recognition/samples/9999/9999931_GEM_-3_Cedarville-Cursive.jpeg	gem
/data/text_recognition/samples/9999/9999232_detailed_2_ShortStack-Regular.jpeg	detailed
/data/text_recognition/samples/9999/9999242_LOUISIANA_3_Enriqueta-Bold.jpeg	louisiana
/data/text_recognition/samples/9999/9999520_interdicting_0_HindMysuru-Regular.jpeg	interdicting
/data/text_recognition/samples/9999/9999882_CONSOLIDATION_-1_SeoulNamsanVertical-Regular.jpeg	consolidation
/data/text_recognition/samples/9999/9999634_triptych,_-3_Slackey.jpeg	triptych,
/data/text_recognition/samples/9999/9999967_HARDIEST_-5_Podkova-Regular.jpeg	hardiest
/data/text_recognition/samples/9999/9999531_INSPIRE_-1_RubikMonoOne-Regular.jpeg	inspire
/data/text_recognition/samples/9999/9999367_DEAFENED_5_EncodeSansNarrow-Light.jpeg	deafened
/data/text_recognition/samples/9999/9999352_POOFTERS_4_HoltwoodOneSC.jpeg	poofters
/data/text_recognition/samples/9999/9999433_INCURABLY_-3_LifeSavers-Regular.jpeg	incurably
/data/text_recognition/samples/9999/9999274_FOXTROT_0_EncodeSansCondensed-Regular.jpeg	foxtrot
/data/text_recognition/samples/9999/9999997_egomaniacs_3_Antonio-Bold.jpeg	egomaniacs
/data/text_recognition/samples/9999/9999703_deceased_5_ContrailOne-Regular.jpeg	deceased
/data/text_recognition/samples/9999/9999937_BAGPIPE_0_Telex-Regular.jpeg	bagpipe
/data/text_recognition/samples/9999/9999120_UPDATER_-1_Overlock-Bold.jpeg	updater
/data/text_recognition/samples/9999/9999344_GROSSED_-2_VesperLibre-Heavy.jpeg	grossed
/data/text_recognition/samples/9999/9999234_]vigilantist_1_Balthazar-Regular.jpeg	]vigilantist
/data/text_recognition/samples/9999/9999288_,TINGS_4_BenchNine-Bold.jpeg	,tings
/data/text_recognition/samples/9999/9999298_sanforized_-2_Jura-Regular.jpeg	sanforized
/data/text_recognition/samples/9999/9999669_perfectionists_-3_Chivo-BlackItalic.jpeg	perfectionists
/data/text_recognition/samples/9999/9999202_INTERCOMS_-3_Sarabun-BoldItalic.jpeg	intercoms
/data/text_recognition/samples/9999/9999282_unsaleable!_3_Candal.jpeg	unsaleable!
/data/text_recognition/samples/9999/9999806_CLAIMED_-5_Biryani-Bold.jpeg	claimed
/data/text_recognition/samples/9999/9999833_jody_-1_AlegreyaSans-Black.jpeg	jody
/data/text_recognition/samples/9999/9999270_DICK_-3_Oswald-Bold.jpeg	dick
/data/text_recognition/samples/9999/9999965_INTERURBAN_-2_Kreon-Light.jpeg	interurban
/data/text_recognition/samples/9999/9999184_mainstream(_-2_Cabin-Medium.jpeg	mainstream(
/data/text_recognition/samples/9999/9999456_,PERPETRATION_-4_Buda-Light.jpeg	,perpetration
/data/text_recognition/samples/9999/9999578_PEEPERS](_1_Alegreya-Black.jpeg	peepers](
/data/text_recognition/samples/9999/9999441_RECOMPOSED_3_Satisfy-Regular.jpeg	recomposed
/data/text_recognition/samples/9999/9999231_bartholomew_-3_AveriaLibre-Regular.jpeg	bartholomew
/data/text_recognition/samples/9999/9999583_NONINFLAMMATORY_3_WireOne.jpeg	noninflammatory
/data/text_recognition/samples/9999/9999063_dyspeptics_5_LifeSavers-ExtraBold.jpeg	dyspeptics
/data/text_recognition/samples/9999/9999970_PEDUNCLES_0_AlikeAngular-Regular.jpeg	peduncles
/data/text_recognition/samples/9999/9999719_frog_2_Schoolbell.jpeg	frog
/data/text_recognition/samples/9999/9999145_craftspeople_-4_Suravaram-Regular.jpeg	craftspeople
/data/text_recognition/samples/9999/9999117_LADOGA_1_SourceSerifPro-Bold.jpeg	ladoga
/data/text_recognition/samples/9999/9999819_incubate_-3_JosefinSans-ThinItalic.jpeg	incubate
/data/text_recognition/samples/9999/9999957_PORNOGRAPHERS_1_Ubuntu-BoldItalic.jpeg	pornographers
/data/text_recognition/samples/9999/9999987_DRAMS?_-4_Aldrich-Regular.jpeg	drams?
/data/text_recognition/samples/9999/9999884_!volubility_-5_Cousine-Italic.jpeg	!volubility
/data/text_recognition/samples/9999/9999316_PENAL_-1_Trochut-Italic.jpeg	penal
/data/text_recognition/samples/9999/9999555_getty_5_GenBasR.jpeg	getty
/data/text_recognition/samples/9999/9999349_sump_3_Palanquin-SemiBold.jpeg	sump
/data/text_recognition/samples/9999/9999876_bathes!_-4_Biryani-Regular.jpeg	bathes!
/data/text_recognition/samples/9999/9999618_VISAGES_-5_Asul-Regular.jpeg	visages
/data/text_recognition/samples/9999/9999964_REASSESS_-2_WorkSans-ExtraLight.jpeg	reassess
/data/text_recognition/samples/9999/9999694_HELLESPONT_0_Jura-Medium.jpeg	hellespont
/data/text_recognition/samples/9999/9999956_VIVIDER_3_InknutAntiqua-Bold.jpeg	vivider
/data/text_recognition/samples/9999/9999871_VILENESS_-4_Kalam-Bold.jpeg	vileness
/data/text_recognition/samples/9999/9999908_FLOUNCED_1_Cinzel-Black.jpeg	flounced
/data/text_recognition/samples/9999/9999279_unpleasantness_3_Ubuntu-MediumItalic.jpeg	unpleasantness
/data/text_recognition/samples/9999/9999197_southernmost_4_Molle-Regular.jpeg	southernmost
/data/text_recognition/samples/9999/9999818_downs]_1_Exo2-BlackItalic.jpeg	downs]
/data/text_recognition/samples/9999/9999940_peculiarity,_5_KoPubBatang-Light.jpeg	peculiarity,
/data/text_recognition/samples/9999/9999024_stickups_5_SignikaNegative-Light.jpeg	stickups
/data/text_recognition/samples/9999/9999624_IGNORED_-3_Balthazar-Regular.jpeg	ignored
/data/text_recognition/samples/9999/9999553_MURCIA_-1_Comfortaa-Regular.jpeg	murcia
/data/text_recognition/samples/9999/9999268_MOGADISHU_-5_Raleway-Light.jpeg	mogadishu
/data/text_recognition/samples/9999/9999283_plath_-1_Amaranth-Regular.jpeg	plath
/data/text_recognition/samples/9999/9999666_titters?_-2_Italiana-Regular.jpeg	titters?
/data/text_recognition/samples/9999/9999888_WORKDAYS_-3_Inconsolata-Bold.jpeg	workdays
/data/text_recognition/samples/9999/9999507_WEARINESS_5_Teko-Light.jpeg	weariness
/data/text_recognition/samples/9999/9999375_soldered_4_ArchitectsDaughter.jpeg	soldered
/data/text_recognition/samples/9999/9999668_extras_-3_Palanquin-Medium.jpeg	extras
/data/text_recognition/samples/9999/9999749_duckling._3_Khula-SemiBold.jpeg	duckling.
/data/text_recognition/samples/9999/9999890_BLAINE_2_GenBasR.jpeg	blaine
/data/text_recognition/samples/9999/9999037_likelier_1_GFSDidot-Regular.jpeg	likelier
/data/text_recognition/samples/9999/9999187_sixes_-2_JosefinSans-Bold.jpeg	sixes
/data/text_recognition/samples/9999/9999331_GROMYKO_1_OpenSans-SemiboldItalic.jpeg	gromyko
/data/text_recognition/samples/9999/9999371_DIRECTORY_2_Play-Bold.jpeg	directory
/data/text_recognition/samples/9999/9999114_pennsylvania_-2_JosefinSans-Bold.jpeg	pennsylvania
/data/text_recognition/samples/9999/9999659_trinidadians_-4_Tuffy-BoldItalic.jpeg	trinidadians
/data/text_recognition/samples/9999/9999089_REFURBISHED_1_Halant-Regular.jpeg	refurbished
/data/text_recognition/samples/9999/9999430_hijackings_-3_AlegreyaSansSC-Black.jpeg	hijackings
/data/text_recognition/samples/9999/9999988_UNIFORMS_-5_HindSiliguri-Light.jpeg	uniforms
/data/text_recognition/samples/9999/9999166_MEDIATORS_-3_Mako-Regular.jpeg	mediators
/data/text_recognition/samples/9999/9999784_lair_3_ShareTechMono-Regular.jpeg	lair
/data/text_recognition/samples/9999/9999394_anacin._-4_Amaranth-Italic.jpeg	anacin.
/data/text_recognition/samples/9999/9999597_SIMPLETONS_3_Qwigley-Regular.jpeg	simpletons
/data/text_recognition/samples/9999/9999709_overgeneralizing_-5_Chivo-Black.jpeg	overgeneralizing
/data/text_recognition/samples/9999/9999396_conditioners@_0_Timmana-Regular.jpeg	conditioners@
/data/text_recognition/samples/9999/9999886_HAIRGRIP_3_GFSNeohellenic.jpeg	hairgrip
/data/text_recognition/samples/9999/9999355_wring_-2_TitilliumWeb-Italic.jpeg	wring
/data/text_recognition/samples/9999/9999170_-MAINTAINABILITY_-3_FontdinerSwanky.jpeg	-maintainability
/data/text_recognition/samples/9999/9999529_milksop]_3_Eczar-Medium.jpeg	milksop]
/data/text_recognition/samples/9999/9999565_INDIUM_-5_Alef-Bold.jpeg	indium
/data/text_recognition/samples/9999/9999314_MARCIA_2_Ubuntu-MediumItalic.jpeg	marcia
/data/text_recognition/samples/9999/9999294_wreaks:_1_PT_Sans-Web-BoldItalic.jpeg	wreaks:
/data/text_recognition/samples/9999/9999496_GUVNOR_-4_CreteRound-Italic.jpeg	guvnor
/data/text_recognition/samples/9999/9999942_GANS_-2_OpenSans-ExtraBold.jpeg	gans
/data/text_recognition/samples/9999/9999381_XEROXES_2_HindMadurai-Bold.jpeg	xeroxes
/data/text_recognition/samples/9999/9999206_EXPLOITATIVE._-1_Khand-ExtraBold.jpeg	exploitative.
/data/text_recognition/samples/9999/9999726_ufo_1_Alike-Regular.jpeg	ufo
/data/text_recognition/samples/9999/9999776_CATAPULTING_1_Eczar-Regular.jpeg	catapulting
/data/text_recognition/samples/9999/9999689_)teetotalers_3_AndadaSC-Italic.jpeg	)teetotalers
/data/text_recognition/samples/9999/9999427_OSTENSIBLE_-2_Cagliostro-Regular.jpeg	ostensible
/data/text_recognition/samples/9999/9999591_EMOTION_-2_MarcellusSC-Regular.jpeg	emotion
/data/text_recognition/samples/9999/9999127_macadamizes_-1_Dhyana-Bold.jpeg	macadamizes
/data/text_recognition/samples/9999/9999023_HUMILIATION_-1_CherryCreamSoda.jpeg	humiliation
/data/text_recognition/samples/9999/9999642_PAGE_5_Cuprum-Regular.jpeg	page
/data/text_recognition/samples/9999/9999358_dimity,_-5_Exo2-BlackItalic.jpeg	dimity,
/data/text_recognition/samples/9999/9999365_SPRAINING_-4_Cambay-Regular.jpeg	spraining
/data/text_recognition/samples/9999/9999249_floodgates_-2_RobotoMono-LightItalic.jpeg	floodgates
/data/text_recognition/samples/9999/9999674_VINYL_3_Halant-Light.jpeg	vinyl
/data/text_recognition/samples/9999/9999855_CROSSBAR_-5_Rubik-Light.jpeg	crossbar
/data/text_recognition/samples/9999/9999972_effervescently_-3_Stoke-Regular.jpeg	effervescently
/data/text_recognition/samples/9999/9999868_CREME_1_Mandali-Regular.jpeg	creme
/data/text_recognition/samples/9999/9999372_okinawa_-2_TradeWinds-Regular.jpeg	okinawa
/data/text_recognition/samples/9999/9999244_FLU@_2_RockSalt.jpeg	flu@
/data/text_recognition/samples/9999/9999164_playmate_-5_Cambay-BoldItalic.jpeg	playmate
/data/text_recognition/samples/9999/9999929_)ENCY_4_WendyOne-Regular.jpeg	)ency
/data/text_recognition/samples/9999/9999043_harmfulness_2_JosefinSans-Italic.jpeg	harmfulness
/data/text_recognition/samples/9999/9999260_scholarship(_-2_Play-Regular.jpeg	scholarship(
/data/text_recognition/samples/9999/9999212_HYDROLOGY_1_Merriweather-Light.jpeg	hydrology
/data/text_recognition/samples/9999/9999971_christmases._3_PurplePurse-Regular.jpeg	christmases.
/data/text_recognition/samples/9999/9999425_PORRINGER_-1_LibreBaskerville-Regular.jpeg	porringer
/data/text_recognition/samples/9999/9999704_lungs_2_Khand-SemiLight.jpeg	lungs
/data/text_recognition/samples/9999/9999622_.DETERRED_4_Pecita.jpeg	.deterred
/data/text_recognition/samples/9999/9999354_betcha]_3_AlmendraSC-Regular.jpeg	betcha]
/data/text_recognition/samples/9999/9999917_daubs_5_Kalam-Regular.jpeg	daubs
/data/text_recognition/samples/9999/9999955_MURMURINGS_-3_LeckerliOne-Regular.jpeg	murmurings
/data/text_recognition/samples/9999/9999721_ruhr_-2_ComingSoon.jpeg	ruhr
/data/text_recognition/samples/9999/9999483_MISCASTS_3_Laila-Bold.jpeg	miscasts
/data/text_recognition/samples/9999/9999671_BLOWZIER_0_Imprima-Regular.jpeg	blowzier
/data/text_recognition/samples/9999/9999963_buffered_-2_GeostarFill-Regular.jpeg	buffered
/data/text_recognition/samples/9999/9999594_ticketing_-3_Radley-Regular.jpeg	ticketing
/data/text_recognition/samples/9999/9999522_COMMUNIQUE_-2_Exo2-ExtraLightItalic.jpeg	communique
/data/text_recognition/samples/9999/9999106_NOOK_3_SignikaNegative-Semibold.jpeg	nook
/data/text_recognition/samples/9999/9999136_cursors_-4_Ovo-Regular.jpeg	cursors
/data/text_recognition/samples/9999/9999825_MIKES_-1_Ubuntu-Italic.jpeg	mikes
/data/text_recognition/samples/9999/9999630_INTENSELY_-1_AlmendraSC-Italic.jpeg	intensely
/data/text_recognition/samples/9999/9999606_PLEASANT_-5_Puritan-Italic.jpeg	pleasant
/data/text_recognition/samples/9999/9999002_eyecare_-4_Prociono-Regular.jpeg	eyecare
/data/text_recognition/samples/9999/9999271_.CRUDEST_5_Arapey-Regular.jpeg	.crudest
/data/text_recognition/samples/9999/9999067_harpooners_4_Judson-Regular.jpeg	harpooners
/data/text_recognition/samples/9999/9999393_TISHRI_0_NanumMyeongjo-Regular.jpeg	tishri
/data/text_recognition/samples/9999/9999935_battleaxe_-3_AveriaLibre-BoldItalic.jpeg	battleaxe
/data/text_recognition/samples/9999/9999223_SCALD_0_LifeSavers-Bold.jpeg	scald
/data/text_recognition/samples/9999/9999571_HONCHO_-2_Carme-Regular.jpeg	honcho
/data/text_recognition/samples/9999/9999783_ATROPOS_0_AllertaStencil-Regular.jpeg	atropos
/data/text_recognition/samples/9999/9999059_scaleless_2_AveriaLibre-BoldItalic.jpeg	scaleless
/data/text_recognition/samples/9999/9999916_boutiques_3_PatrickHandSC-Regular.jpeg	boutiques
/data/text_recognition/samples/9999/9999909_recalcitrance_-5_UbuntuCondensed-Regular.jpeg	recalcitrance
/data/text_recognition/samples/9999/9999422_mocked_0_Syncopate-Regular.jpeg	mocked
/data/text_recognition/samples/9999/9999181_sinus_-5_Cambo-Regular.jpeg	sinus
/data/text_recognition/samples/9999/9999305_militia_5_LemonOne-Regular.jpeg	militia
/data/text_recognition/samples/9999/9999022_tabulating_-3_Hanuman-Bold.jpeg	tabulating
/data/text_recognition/samples/9999/9999224_):RECESSIONALS_3_BigshotOne.jpeg	):recessionals
/data/text_recognition/samples/9999/9999741_CORPUSCLES_3_Raleway-Bold.jpeg	corpuscles
/data/text_recognition/samples/9999/9999343_PSYCHOANALYSTS_-5_BrunoAce-Regular.jpeg	psychoanalysts
/data/text_recognition/samples/9999/9999611_trolled_-4_DuruSans-Regular.jpeg	trolled
/data/text_recognition/samples/9999/9999915_bulgarians_4_Geostar-Regular.jpeg	bulgarians
/data/text_recognition/samples/9999/9999743_misogyny_2_Cambay-Bold.jpeg	misogyny
/data/text_recognition/samples/9999/9999920_deports_0_AlmendraSC-BoldItalic.jpeg	deports
/data/text_recognition/samples/9999/9999061_apostasy_-1_Tillana-ExtraBold.jpeg	apostasy
/data/text_recognition/samples/9999/9999366_CLASPS_5_BadScript-Regular.jpeg	clasps
/data/text_recognition/samples/9999/9999715_FOUNDS_-5_Cutive-Regular.jpeg	founds
/data/text_recognition/samples/9999/9999493_!balkhash_0_MrDafoe-Regular.jpeg	!balkhash
/data/text_recognition/samples/9999/9999639_EYEWITNESSES_-4_Viga-Regular.jpeg	eyewitnesses
/data/text_recognition/samples/9999/9999511_,venison_-5_WendyOne-Regular.jpeg	,venison
/data/text_recognition/samples/9999/9999813_CANDYING_-2_Quicksand-Regular.jpeg	candying
/data/text_recognition/samples/9999/9999794_tragedian_2_Exo-ExtraLight.jpeg	tragedian
/data/text_recognition/samples/9999/9999169_-ferny_-4_Slabo27px-Regular.jpeg	-ferny
/data/text_recognition/samples/9999/9999296_OVEREXTEND_-5_Halant-Semibold.jpeg	overextend
/data/text_recognition/samples/9999/9999058_DISRESPECTING_3_Neuton-Bold.jpeg	disrespecting
/data/text_recognition/samples/9999/9999716_squishing_-2_Chivo-Regular.jpeg	squishing
/data/text_recognition/samples/9999/9999486_SPORT_-2_Merriweather-Regular.jpeg	sport
/data/text_recognition/samples/9999/9999643_misfit_-5_Molle-Regular.jpeg	misfit
/data/text_recognition/samples/9999/9999452_(-CANVASSING_-4_GreatVibes-Regular.jpeg	(-canvassing
/data/text_recognition/samples/9999/9999299_GUSTIEST_-2_Catamaran-Thin.jpeg	gustiest
/data/text_recognition/samples/9999/9999558_THREAD_0_Khula-SemiBold.jpeg	thread
/data/text_recognition/samples/9999/9999773_MISCONDUCT_-3_Fondamento-Regular.jpeg	misconduct
/data/text_recognition/samples/9999/9999052_[WINKED_0_Inika-Regular.jpeg	[winked
/data/text_recognition/samples/9999/9999992_MURKINESS_2_Hind-Medium.jpeg	murkiness
/data/text_recognition/samples/9999/9999118_balladry_4_CherrySwash-Bold.jpeg	balladry
/data/text_recognition/samples/9999/9999803_DEMOTING_2_Cinzel-Bold.jpeg	demoting
/data/text_recognition/samples/9999/9999585_waded_-4_Felipa-Regular.jpeg	waded
/data/text_recognition/samples/9999/9999867_DISILLUSIONED_-1_Lora-Bold.jpeg	disillusioned
/data/text_recognition/samples/9999/9999754_POLLUTE_-2_Arimo-Bold.jpeg	pollute
/data/text_recognition/samples/9999/9999934_VINO_2_JockeyOne-Regular.jpeg	vino
/data/text_recognition/samples/9999/9999823_DECOMPOSE_1_Electrolize-Regular.jpeg	decompose
/data/text_recognition/samples/9999/9999563_INFATUATIONS_3_EncodeSans-Regular.jpeg	infatuations
/data/text_recognition/samples/9999/9999261_rescind_-3_Oxygen-Bold.jpeg	rescind
/data/text_recognition/samples/9999/9999257_typographical_-3_Lato-Bold.jpeg	typographical
/data/text_recognition/samples/9999/9999248_THIMBLEFUL_2_LondrinaOutline-Regular.jpeg	thimbleful
/data/text_recognition/samples/9999/9999389_HORTICULTURALIST_3_Dosis-SemiBold.jpeg	horticulturalist
/data/text_recognition/samples/9999/9999180_observances_-5_AveriaSansLibre-LightItalic.jpeg	observances
/data/text_recognition/samples/9999/9999581_HATFIELD_1_Galdeano-Regular.jpeg	hatfield
/data/text_recognition/samples/9999/9999533_reservoir_1_Exo2-BlackItalic.jpeg	reservoir
/data/text_recognition/samples/9999/9999189_kapok_0_Marmelad-Regular.jpeg	kapok
/data/text_recognition/samples/9999/9999982_PROSTITUTES_-1_AlegreyaSansSC-Regular.jpeg	prostitutes
/data/text_recognition/samples/9999/9999204_postal_1_AlegreyaSansSC-Light.jpeg	postal
/data/text_recognition/samples/9999/9999993_FAMISHES_1_ButchermanCaps-Regular.jpeg	famishes
/data/text_recognition/samples/9999/9999836_@koshers_-5_AveriaLibre-Italic.jpeg	@koshers
/data/text_recognition/samples/9999/9999737_HARDIER_-4_RobotoMono-Light.jpeg	hardier
/data/text_recognition/samples/9999/9999519_OVEREMPHASIS_-5_Rubik-Light.jpeg	overemphasis
/data/text_recognition/samples/9999/9999614_hootenannies_3_Karla-Regular.jpeg	hootenannies
/data/text_recognition/samples/9999/9999596_)VINDICATION_-5_AlegreyaSansSC-ExtraBoldItalic.jpeg	)vindication
/data/text_recognition/samples/9999/9999307_PALIMPSESTS_4_Fruktur-Regular.jpeg	palimpsests
/data/text_recognition/samples/9999/9999406_OVERLOAD_5_Ultra.jpeg	overload
/data/text_recognition/samples/9999/9999468_SETTEE_2_JustAnotherHand.jpeg	settee
/data/text_recognition/samples/9999/9999602_IMPONDERABLES_3_Andada-BoldItalic.jpeg	imponderables
/data/text_recognition/samples/9999/9999478_GROTESQUENESS_-3_HindSiliguri-Bold.jpeg	grotesqueness
/data/text_recognition/samples/9999/9999222_COLSON_-1_Sarala-Regular.jpeg	colson
/data/text_recognition/samples/9999/9999369_maronite_-3_HindMadurai-Light.jpeg	maronite
/data/text_recognition/samples/9999/9999436_ALMSHOUSE,_-4_JejuGothic-Regular.jpeg	almshouse,
/data/text_recognition/samples/9999/9999647_UNEASILY_3_Muli-Regular.jpeg	uneasily
/data/text_recognition/samples/9999/9999421_LEARNER?_5_Fondamento-Italic.jpeg	learner?
/data/text_recognition/samples/9999/9999722_TALUSES_0_Puritan-BoldItalic.jpeg	taluses
/data/text_recognition/samples/9999/9999188_hires_-1_Sarpanch-Bold.jpeg	hires
/data/text_recognition/samples/9999/9999820_bop_-3_Raleway-ExtraBoldItalic.jpeg	bop
/data/text_recognition/samples/9999/9999839_,compendium_3_EncodeSansCondensed-ExtraBold.jpeg	,compendium
/data/text_recognition/samples/9999/9999426_stickily_-5_OxygenMono-Regular.jpeg	stickily
/data/text_recognition/samples/9999/9999384_HONOR_-4_Nunito-Bold.jpeg	honor
/data/text_recognition/samples/9999/9999799_interns_1_MerriweatherSans-ExtraBoldItalic.jpeg	interns
/data/text_recognition/samples/9999/9999742_-fragrant_1_CraftyGirls.jpeg	-fragrant
/data/text_recognition/samples/9999/9999465_FRIZZLY_-5_AveriaSansLibre-Italic.jpeg	frizzly
/data/text_recognition/samples/9999/9999087_PROCUREMENT_3_NanumGothicCoding-Regular.jpeg	procurement
/data/text_recognition/samples/9999/9999302_COUNTED_4_SeoulNamsanCondensed-ExtraBold.jpeg	counted
/data/text_recognition/samples/9999/9999112_exegeses_-5_SourceSansPro-BlackItalic.jpeg	exegeses
/data/text_recognition/samples/9999/9999229_MISCHIEVOUSLY_-2_Sniglet-ExtraBold.jpeg	mischievously
/data/text_recognition/samples/9999/9999510_MAGUS(_-3_Amita-Regular.jpeg	magus(
/data/text_recognition/samples/9999/9999859_DIFFICULTY[_-4_Akronim-Regular.jpeg	difficulty[
/data/text_recognition/samples/9999/9999770_ecstatically_-3_Arvo-Bold.jpeg	ecstatically
/data/text_recognition/samples/9999/9999269_CALLOSITIES_-4_Amiri-Bold.jpeg	callosities
/data/text_recognition/samples/9999/9999399_perfections_1_DaysOne-Regular.jpeg	perfections
/data/text_recognition/samples/9999/9999078_!FORMATS_-4_Exo-Italic.jpeg	!formats
/data/text_recognition/samples/9999/9999577_!URIC_-1_Arya-Regular.jpeg	!uric
/data/text_recognition/samples/9999/9999220_IMPECCABLE_5_Asar-Regular.jpeg	impeccable
/data/text_recognition/samples/9999/9999347_splashily_-4_HindKochi-SemiBold.jpeg	splashily
/data/text_recognition/samples/9999/9999698_ducked_3_CraftyGirls.jpeg	ducked
/data/text_recognition/samples/9999/9999781_TERMINATION_4_Lora-BoldItalic.jpeg	termination
/data/text_recognition/samples/9999/9999786_travelings_-2_Exo2-SemiBoldItalic.jpeg	travelings
/data/text_recognition/samples/9999/9999733_accumulates_5_NovaMono.jpeg	accumulates
/data/text_recognition/samples/9999/9999526_transcriptions_-2_Sumana-Regular.jpeg	transcriptions
/data/text_recognition/samples/9999/9999654_creased_1_Gidugu-Regular.jpeg	creased
/data/text_recognition/samples/9999/9999653_prose_-2_Sarpanch-Regular.jpeg	prose
/data/text_recognition/samples/9999/9999991_STOCKROOMS_3_Bangers.jpeg	stockrooms
/data/text_recognition/samples/9999/9999131_ANGLOPHONE[_3_Jura-Light.jpeg	anglophone[
/data/text_recognition/samples/9999/9999512_STREAMING_3_Amita-Regular.jpeg	streaming
/data/text_recognition/samples/9999/9999941_extorting_-1_Trocchi-Regular.jpeg	extorting
/data/text_recognition/samples/9999/9999470_challenger_-2_Pacifico.jpeg	challenger
/data/text_recognition/samples/9999/9999564_CANNIER_-2_Prociono-Regular.jpeg	cannier
/data/text_recognition/samples/9999/9999537_&:impotency_1_Telex-Regular.jpeg	&:impotency
/data/text_recognition/samples/9999/9999173_CHANNELED!?_-5_SeaweedScript-Regular.jpeg	channeled!?
/data/text_recognition/samples/9999/9999572_RAN_1_OleoScript-Bold.jpeg	ran
/data/text_recognition/samples/9999/9999926_CROSSCHECKED_2_Exo2-BoldItalic.jpeg	crosschecked
/data/text_recognition/samples/9999/9999921_hiphuggers_3_EncodeSansCondensed-Regular.jpeg	hiphuggers
/data/text_recognition/samples/9999/9999759_&cowed_3_Exo2-Medium.jpeg	&cowed
/data/text_recognition/samples/9999/9999881_CORRUPTING_-4_SeoulNamsan-Medium.jpeg	corrupting
/data/text_recognition/samples/9999/9999003_trivialize_2_Junge-Regular.jpeg	trivialize
/data/text_recognition/samples/9999/9999502_cutouts_-5_Macondo-Regular.jpeg	cutouts
/data/text_recognition/samples/9999/9999226_muenster&_1_Hind-Medium.jpeg	muenster&
/data/text_recognition/samples/9999/9999362_demagnetization_-3_Imprima-Regular.jpeg	demagnetization
/data/text_recognition/samples/9999/9999771_HUMANISTIC_3_Raleway-ExtraLightItalic.jpeg	humanistic
/data/text_recognition/samples/9999/9999559_schmo_-1_Scada-BoldItalic.jpeg	schmo
/data/text_recognition/samples/9999/9999319_minimization_2_IrishGrowler.jpeg	minimization
/data/text_recognition/samples/9999/9999498_RAIDERS_-5_PatrickHandSC-Regular.jpeg	raiders
/data/text_recognition/samples/9999/9999567_!SCULPTURES_4_Exo2-ExtraLightItalic.jpeg	!sculptures
/data/text_recognition/samples/9999/9999377_doom_0_PT_Serif-Web-BoldItalic.jpeg	doom
/data/text_recognition/samples/9999/9999001_knishes_0_EncodeSansCompressed-Medium.jpeg	knishes
/data/text_recognition/samples/9999/9999661_:LABILE_0_TitilliumWeb-ExtraLight.jpeg	:labile
/data/text_recognition/samples/9999/9999752_marlin_2_Warnes-Regular.jpeg	marlin
/data/text_recognition/samples/9999/9999996_deregulates_-3_Rubik-Black.jpeg	deregulates
/data/text_recognition/samples/9999/9999521_SUPPOSITORY_-1_Trochut-Bold.jpeg	suppository
/data/text_recognition/samples/9999/9999293_)overlord_2_EncodeSansNarrow-Medium.jpeg	)overlord
/data/text_recognition/samples/9999/9999556_LARDER_2_Biryani-Regular.jpeg	larder
/data/text_recognition/samples/9999/9999447_hecuba_-4_LifeSavers-Regular.jpeg	hecuba
/data/text_recognition/samples/9999/9999413_EXPERIENCING_1_Khand-SemiBold.jpeg	experiencing
/data/text_recognition/samples/9999/9999961_mom]_-2_Palanquin-Bold.jpeg	mom]
/data/text_recognition/samples/9999/9999475_WING[_3_AdventPro-Bold.jpeg	wing[
/data/text_recognition/samples/9999/9999735_machinists_-3_ArchivoNarrow-Italic.jpeg	machinists
/data/text_recognition/samples/9999/9999247_ailed_4_Cardo-Regular.jpeg	ailed
/data/text_recognition/samples/9999/9999953_SEALING_5_Poly-Regular.jpeg	sealing
/data/text_recognition/samples/9999/9999360_blasphemies_-1_Antonio-Light.jpeg	blasphemies
/data/text_recognition/samples/9999/9999690_LOADED_4_StardosStencil-Regular.jpeg	loaded
/data/text_recognition/samples/9999/9999946_nigel_-3_Plaster-Regular.jpeg	nigel
/data/text_recognition/samples/9999/9999680_TOILSOME_-5_Geostar-Regular.jpeg	toilsome
/data/text_recognition/samples/9999/9999830_ACETATES_4_Glegoo-Bold.jpeg	acetates
/data/text_recognition/samples/9999/9999055_DEJESUS_0_HindKochi-Regular.jpeg	dejesus
/data/text_recognition/samples/9999/9999646_HEEDLESSNESS_4_MartelSans-ExtraLight.jpeg	heedlessness
/data/text_recognition/samples/9999/9999705_subdivides,_-1_LibreBaskerville-Regular.jpeg	subdivides,
/data/text_recognition/samples/9999/9999933_:solder_2_RobotoMono-ThinItalic.jpeg	:solder
/data/text_recognition/samples/9999/9999557_PLAUDITS_-5_PaytoneOne.jpeg	plaudits
/data/text_recognition/samples/9999/9999534_CONSECUTIVELY_-1_Philosopher-Bold.jpeg	consecutively
/data/text_recognition/samples/9999/9999107_demoralization_-2_Kristi.jpeg	demoralization
/data/text_recognition/samples/9999/9999764_INVALUABLY_-1_Voltaire-Regular.jpeg	invaluably
/data/text_recognition/samples/9999/9999856_gross_3_Changa-Regular.jpeg	gross
/data/text_recognition/samples/9999/9999019_imploding_1_Poly-Regular.jpeg	imploding
/data/text_recognition/samples/9999/9999275_SENECAS_4_StalinOne-Regular.jpeg	senecas
/data/text_recognition/samples/9999/9999708_UNMARRIED_-5_DrSugiyama-Regular.jpeg	unmarried
/data/text_recognition/samples/9999/9999560_gaggle_0_MerriweatherSans-Light.jpeg	gaggle
/data/text_recognition/samples/9999/9999182_traffickers_4_Inconsolata-Bold.jpeg	traffickers
/data/text_recognition/samples/9999/9999102_[roadhouse_-4_EncodeSansCompressed-Medium.jpeg	[roadhouse
/data/text_recognition/samples/9999/9999484_strolling,_-5_JustMeAgainDownHere.jpeg	strolling,
/data/text_recognition/samples/9999/9999561_UNFROCKED_5_Mandali-Regular.jpeg	unfrocked
/data/text_recognition/samples/9999/9999545_HUFFY_4_Scheherazade-Bold.jpeg	huffy
/data/text_recognition/samples/9999/9999554_unduly_-1_Raleway-LightItalic.jpeg	unduly
/data/text_recognition/samples/9999/9999635_menstrual_2_YanoneKaffeesatz-Regular.jpeg	menstrual
/data/text_recognition/samples/9999/9999208_FRYING_-3_OpenSans-ExtraBoldItalic.jpeg	frying
/data/text_recognition/samples/9999/9999437_deltas_-2_MountainsofChristmas-Bold.jpeg	deltas
/data/text_recognition/samples/9999/9999756_segues_-1_AdventPro-Thin.jpeg	segues
/data/text_recognition/samples/9999/9999418_algal_3_Antic-Regular.jpeg	algal
/data/text_recognition/samples/9999/9999801_ATTACHED[_-5_AlegreyaSans-Italic.jpeg	attached[
/data/text_recognition/samples/9999/9999405_YGGDRASIL_1_Exo-Black.jpeg	yggdrasil
/data/text_recognition/samples/9999/9999678_(miscible(_1_VesperLibre-Medium.jpeg	(miscible(
/data/text_recognition/samples/9999/9999373_coronaries_0_AlegreyaSC-BlackItalic.jpeg	coronaries
/data/text_recognition/samples/9999/9999443_cowbird_5_Caveat-Bold.jpeg	cowbird
/data/text_recognition/samples/9999/9999162_clarendon_4_Kalam-Bold.jpeg	clarendon
/data/text_recognition/samples/9999/9999081_classic_-1_Judson-Regular.jpeg	classic
/data/text_recognition/samples/9999/9999865_viler_-2_EncodeSansWide-Black.jpeg	viler
/data/text_recognition/samples/9999/9999629_grapple_-5_HerrVonMuellerhoff-Regular.jpeg	grapple
/data/text_recognition/samples/9999/9999628_yeses_-5_Piedra-Regular.jpeg	yeses
/data/text_recognition/samples/9999/9999267_[INFLATING_0_Pecita.jpeg	[inflating
